[1,["efkOUvIZ1DDK/pYea9SJl9"],0,[["sp.SkeletonData",["_name","_atlasText","textureNames","_skeletonJson","textures"],-1,3]],[[0,0,1,2,3,4,5]],[[0,"LOGO BON CHUANN","\r\nLOGO BON CHUANN.png\r\nsize: 905, 502\r\nformat: RGBA8888\r\nfilter: Linear, Linear\r\nrepeat: none\r\n4465f5bff8c13ad847db838b6c057dd4a984f15228b90-puk6ye\r\n  rotate: false\r\n  xy: 1, 22\r\n  size: 479, 479\r\n  orig: 479, 479\r\n  offset: 0, 0\r\n  index: -1\r\nBON copy\r\n  rotate: true\r\n  xy: 815, 246\r\n  size: 255, 89\r\n  orig: 255, 89\r\n  offset: 0, 0\r\n  index: -1\r\nColor Fill 5 copy 3\r\n  rotate: true\r\n  xy: 481, 1\r\n  size: 500, 156\r\n  orig: 500, 156\r\n  offset: 0, 0\r\n  index: -1\r\nLayer 10\r\n  rotate: true\r\n  xy: 638, 148\r\n  size: 353, 176\r\n  orig: 353, 176\r\n  offset: 0, 0\r\n  index: -1\r\nWin\r\n  rotate: false\r\n  xy: 638, 3\r\n  size: 93, 43\r\n  orig: 93, 43\r\n  offset: 0, 0\r\n  index: -1\r\nanh sang\r\n  rotate: false\r\n  xy: 638, 47\r\n  size: 168, 100\r\n  orig: 168, 100\r\n  offset: 0, 0\r\n  index: -1\r\nf32224ed6b8f93fd97acbcaae40179f1fdf0c51d5a47d-AVuoC3\r\n  rotate: false\r\n  xy: 807, 26\r\n  size: 89, 67\r\n  orig: 89, 67\r\n  offset: 0, 0\r\n  index: -1\r\nribbon duoi\r\n  rotate: true\r\n  xy: 815, 94\r\n  size: 151, 80\r\n  orig: 151, 80\r\n  offset: 0, 0\r\n  index: -1\r\n",["LOGO BON CHUANN.png"],{"skeleton":{"hash":"INy0frf7oyM","spine":"3.8-from-4.0-from-4.1.24","x":-203.1,"y":-143.68,"width":411.27,"height":300.73,"images":"./images/","audio":"D:/GAME BAI 2/Linh/FIGMA/Bonclub/LOGO BON json"},"bones":[{"name":"root","x":-229.91,"y":242.91,"scaleX":0.5,"scaleY":0.5},{"name":"4465f5bff8c13ad847db838b6c057dd4a984f15228b90-puk6ye","parent":"root","x":474.93,"y":-475.67},{"name":"ribbon duoi","parent":"root","x":473.32,"y":-625.06,"scaleX":0.9208,"scaleY":0.9208,"color":"ff0000ff"},{"name":"Win","parent":"ribbon duoi","x":-1,"y":2},{"name":"Color Fill 5 copy 3","parent":"root","x":236.65,"y":-523.75,"scaleX":-0.3661,"scaleY":-0.3661},{"name":"BON copy","parent":"root","x":470.5,"y":-472.98,"color":"1aff00ff"},{"name":"anh sang","parent":"BON copy","x":-230.32,"y":74.55},{"name":"Layer 10","parent":"root","x":473,"y":-496.5,"color":"fd0000ff"},{"name":"anh sang2","parent":"BON copy","x":236.83,"y":74.55},{"name":"anh sang3","parent":"BON copy","x":5.68,"y":-54.94},{"name":"BON copy2","parent":"root","x":470.5,"y":-472.98,"color":"1aff00ff"},{"name":"anh sang4","parent":"BON copy2","x":-230.32,"y":74.55},{"name":"anh sang5","parent":"BON copy2","x":236.83,"y":74.55},{"name":"anh sang6","parent":"BON copy2","x":5.68,"y":-54.94}],"slots":[{"name":"4465f5bff8c13ad847db838b6c057dd4a984f15228b90-puk6ye","bone":"root","attachment":"4465f5bff8c13ad847db838b6c057dd4a984f15228b90-puk6ye"},{"name":"Layer 10","bone":"Layer 10","attachment":"Layer 10"},{"name":"f32224ed6b8f93fd97acbcaae40179f1fdf0c51d5a47d-AVuoC3","bone":"root","attachment":"f32224ed6b8f93fd97acbcaae40179f1fdf0c51d5a47d-AVuoC3"},{"name":"ribbon duoi","bone":"ribbon duoi","attachment":"ribbon duoi"},{"name":"BON copy","bone":"BON copy","attachment":"BON copy"},{"name":"BON copy2","bone":"BON copy2","attachment":"BON copy","blend":"screen"},{"name":"Win","bone":"Win","attachment":"Win"},{"name":"anh sang","bone":"anh sang","attachment":"anh sang","blend":"screen"},{"name":"anh sang4","bone":"anh sang4","attachment":"anh sang","blend":"screen"},{"name":"anh sang2","bone":"anh sang2","attachment":"anh sang","blend":"screen"},{"name":"anh sang5","bone":"anh sang5","attachment":"anh sang","blend":"screen"},{"name":"anh sang3","bone":"anh sang3","attachment":"anh sang","blend":"screen"},{"name":"anh sang6","bone":"anh sang6","attachment":"anh sang","blend":"screen"},{"name":"Color Fill 5 copy 3","bone":"Color Fill 5 copy 3","attachment":"Color Fill 5 copy 3","blend":"screen"}],"skins":[{"name":"default","attachments":{"4465f5bff8c13ad847db838b6c057dd4a984f15228b90-puk6ye":{"4465f5bff8c13ad847db838b6c057dd4a984f15228b90-puk6ye":{"x":472.97,"y":-472.44,"scaleX":0.6285,"scaleY":0.6285,"width":957,"height":957}},"anh sang":{"anh sang":{"x":1.32,"y":6.95,"width":335,"height":200}},"anh sang2":{"anh sang":{"x":-0.02,"y":6.95,"width":335,"height":200}},"anh sang3":{"anh sang":{"x":1.32,"y":6.95,"width":335,"height":200}},"anh sang4":{"anh sang":{"x":1.32,"y":6.95,"width":335,"height":200}},"anh sang5":{"anh sang":{"x":1.32,"y":6.95,"width":335,"height":200}},"anh sang6":{"anh sang":{"x":1.32,"y":6.95,"width":335,"height":200}},"BON copy":{"BON copy":{"type":"mesh","hull":26,"width":509,"height":177,"uvs":[1,1,0.93355,1,0.8637,1,0.7733,1,0.69249,1,0.61167,1,0.52401,1,0.43087,1,0.35006,1,0.27473,1,0.17611,1,0.08708,1,0,1,0,0,0.06927,0,0.15693,0,0.25966,0,0.34184,0,0.42813,0,0.51305,0,0.60893,0,0.68975,0,0.77056,0,0.85822,0,0.93355,0,1,0],"triangles":[12,13,14,11,14,15,12,14,11,10,15,16,11,15,10,9,16,17,10,16,9,8,17,18,9,17,8,7,18,19,8,18,7,6,19,20,7,19,6,5,20,21,6,20,5,4,21,22,5,21,4,3,22,23,4,22,3,2,23,24,3,23,2,1,24,25,2,24,1,1,25,0],"vertices":[255.5,-89.5,221.55,-89.5,185.85,-89.5,139.66,-89.5,98.36,-89.5,57.06,-89.5,12.27,-89.5,-35.32,-89.5,-76.62,-89.5,-115.12,-89.5,-165.51,-89.5,-211,-89.5,-255.5,-89.5,-255.5,89.5,-220.1,89.5,-175.31,89.5,-122.81,89.5,-80.82,89.5,-36.72,89.5,6.67,89.5,55.66,89.5,96.96,89.5,146.65,89.5,187.95,89.5,221.55,89.5,255.5,89.5],"edges":[24,26,0,50,22,24,20,22,18,20,16,18,14,16,12,14,10,12,8,10,6,8,4,6,0,2,2,4,26,28,28,30,30,32,32,34,34,36,36,38,38,40,40,42,42,44,44,46,46,48,48,50]}},"BON copy2":{"BON copy":{"type":"mesh","hull":26,"width":509,"height":177,"uvs":[1,1,0.93355,1,0.8637,1,0.7733,1,0.69249,1,0.61167,1,0.52401,1,0.43087,1,0.35006,1,0.27473,1,0.17611,1,0.08708,1,0,1,0,0,0.06927,0,0.15693,0,0.25966,0,0.34184,0,0.42813,0,0.51305,0,0.60893,0,0.68975,0,0.77056,0,0.85822,0,0.93355,0,1,0],"triangles":[12,13,14,11,14,15,12,14,11,10,15,16,11,15,10,9,16,17,10,16,9,8,17,18,9,17,8,7,18,19,8,18,7,6,19,20,7,19,6,5,20,21,6,20,5,4,21,22,5,21,4,3,22,23,4,22,3,2,23,24,3,23,2,1,24,25,2,24,1,1,25,0],"vertices":[255.5,-89.5,221.55,-89.5,185.85,-89.5,139.66,-89.5,98.36,-89.5,57.06,-89.5,12.27,-89.5,-35.32,-89.5,-76.62,-89.5,-115.12,-89.5,-165.51,-89.5,-211,-89.5,-255.5,-89.5,-255.5,89.5,-220.1,89.5,-175.31,89.5,-122.81,89.5,-80.82,89.5,-36.72,89.5,6.67,89.5,55.66,89.5,96.96,89.5,146.65,89.5,187.95,89.5,221.55,89.5,255.5,89.5],"edges":[24,26,0,50,22,24,20,22,18,20,16,18,14,16,12,14,10,12,8,10,6,8,4,6,0,2,2,4,26,28,28,30,30,32,32,34,34,36,36,38,38,40,40,42,42,44,44,46,46,48,48,50]}},"Color Fill 5 copy 3":{"Color Fill 5 copy 3":{"width":1000,"height":311}},"f32224ed6b8f93fd97acbcaae40179f1fdf0c51d5a47d-AVuoC3":{"f32224ed6b8f93fd97acbcaae40179f1fdf0c51d5a47d-AVuoC3":{"x":472.01,"y":-309.95,"scaleX":0.8597,"scaleY":0.8597,"width":178,"height":134}},"Layer 10":{"Layer 10":{"x":1.04,"scaleX":0.9807,"scaleY":0.9807,"width":706,"height":351}},"ribbon duoi":{"ribbon duoi":{"width":302,"height":159}},"Win":{"Win":{"width":185,"height":85}}}}],"animations":{"animation":{"slots":{"anh sang4":{"color":[{"color":"ffffff00"}]},"anh sang5":{"color":[{"color":"ffffff00"}]},"anh sang6":{"color":[{"color":"ffffff00"}]},"BON copy2":{"color":[{"color":"ffffff00","curve":"stepped"},{"time":1,"color":"ffffff00"},{"time":1.3333,"color":"ffffffff"},{"time":1.6667,"color":"ffffff00"}]}},"bones":{"BON copy":{"scale":[{},{"time":0.5,"x":0.87,"y":0.87},{"time":1},{"time":1.5,"x":0.87,"y":0.87},{"time":2}]},"anh sang":{"rotate":[{},{"time":1,"angle":180},{"time":2,"angle":360}]},"Win":{"translate":[{},{"time":0.1333,"y":12.1},{"time":0.2667},{"time":0.4,"y":12.1},{"time":0.5333}],"scale":[{"time":0.5333},{"time":0.8,"x":1.206},{"time":1.0667},{"time":1.3333,"x":1.206},{"time":1.6}]},"anh sang2":{"rotate":[{},{"time":1,"angle":180},{"time":2,"angle":360}]},"anh sang3":{"rotate":[{},{"time":1,"angle":180},{"time":2,"angle":360}]},"anh sang4":{"rotate":[{},{"time":1,"angle":180},{"time":2,"angle":360}]},"anh sang5":{"rotate":[{},{"time":1,"angle":180},{"time":2,"angle":360}]},"anh sang6":{"rotate":[{},{"time":1,"angle":180},{"time":2,"angle":360}]},"BON copy2":{"scale":[{},{"time":1,"x":0.87,"y":0.87},{"time":1.3333,"x":1.04,"y":1.04},{"time":2}]},"Color Fill 5 copy 3":{"translate":[{},{"time":1,"x":426.01},{"time":2}]},"4465f5bff8c13ad847db838b6c057dd4a984f15228b90-puk6ye":{"rotate":[{},{"time":1,"angle":180},{"time":2,"angle":360}]}}}}},[0]]],0,0,[0],[-1],[0]]